{"position_name": "15611-资深3D动画设计师（深圳）", "position_detail_link": "position_detail.php?id=47440&keywords=&tid=0&lid=0", "position_type": "设计类", "recruit_num": "1", "work_location": "深圳", "publish_time": "2019-02-08"}
{"position_name": "TME-全民K歌数据产品经理", "position_detail_link": "position_detail.php?id=47441&keywords=&tid=0&lid=0", "position_type": "产品/项目类", "recruit_num": "2", "work_location": "深圳", "publish_time": "2019-02-08"}
{"position_name": "TME-全民K歌高级数据产品经理", "position_detail_link": "position_detail.php?id=47442&keywords=&tid=0&lid=0", "position_type": "产品/项目类", "recruit_num": "1", "work_location": "深圳", "publish_time": "2019-02-08"}
{"position_name": "17759-腾讯视频艺术频道运营经理", "position_detail_link": "position_detail.php?id=47435&keywords=&tid=0&lid=0", "position_type": "内容编辑类", "recruit_num": "1", "work_location": "北京", "publish_time": "2019-02-08"}
{"position_name": "29912-微视音乐内容运营", "position_detail_link": "position_detail.php?id=47436&keywords=&tid=0&lid=0", "position_type": "内容编辑类", "recruit_num": "2", "work_location": "北京", "publish_time": "2019-02-08"}
{"position_name": "29912-微视音乐编辑", "position_detail_link": "position_detail.php?id=47437&keywords=&tid=0&lid=0", "position_type": "内容编辑类", "recruit_num": "2", "work_location": "北京", "publish_time": "2019-02-08"}
{"position_name": "15611-资深2D角色设计师（深圳）", "position_detail_link": "position_detail.php?id=47438&keywords=&tid=0&lid=0", "position_type": "设计类", "recruit_num": "1", "work_location": "深圳", "publish_time": "2019-02-08"}
{"position_name": "15611-高级UnrealEngine技术美术（深圳）", "position_detail_link": "position_detail.php?id=47439&keywords=&tid=0&lid=0", "position_type": "设计类", "recruit_num": "1", "work_location": "深圳", "publish_time": "2019-02-08"}
{"position_name": "21527-腾讯音乐PHP应用开发工程师（深圳）", "position_detail_link": "position_detail.php?id=47429&keywords=&tid=0&lid=0", "position_type": "技术类", "recruit_num": "2", "work_location": "深圳", "publish_time": "2019-02-08"}
{"position_name": "21089-高级运营经理", "position_detail_link": "position_detail.php?id=47430&keywords=&tid=0&lid=0", "position_type": "产品/项目类", "recruit_num": "2", "work_location": "深圳", "publish_time": "2019-02-08"}
